
  <db type="testDb">
    <dbRecord>
      <key>
        DbCore
      </key>
      <value>
        <name>
          DbCore
        </name>
        <dateTime>
          Fri Feb  9 14:43:48 2018
        </dateTime>
        <description>
          package
        </description>
        <child>
          DateTime
        </child>
        <child>
          Query
        </child>
      </value>
    </dbRecord>
    <dbRecord>
      <key>
        DateTime
      </key>
      <value>
        <name>
          DateTime
        </name>
        <dateTime>
          Fri Feb  9 14:43:48 2018
        </dateTime>
        <description>
          package
        </description>
      </value>
    </dbRecord>
    <dbRecord>
      <key>
        Executive
      </key>
      <value>
        <name>
          Executive
        </name>
        <dateTime>
          Fri Feb  9 14:43:48 2018
        </dateTime>
        <description>
          package
        </description>
        <child>
          DbCore
        </child>
        <child>
          DateTime
        </child>
        <child>
          Query
        </child>
        <child>
          XmlDocument
        </child>
        <child>
          TestUtilities
        </child>
      </value>
    </dbRecord>
    <dbRecord>
      <key>
        XmlDocument
      </key>
      <value>
        <name>
          XmlDocument
        </name>
        <dateTime>
          Fri Feb  9 14:43:48 2018
        </dateTime>
        <description>
          package
        </description>
      </value>
    </dbRecord>
    <dbRecord>
      <key>
        Query
      </key>
      <value>
        <name>
          Query
        </name>
        <dateTime>
          Fri Feb  9 14:43:48 2018
        </dateTime>
        <description>
          package
        </description>
        <child>
          DateTime
        </child>
        <child>
          DbCore
        </child>
      </value>
    </dbRecord>
    <dbRecord>
      <key>
        TestUtilities
      </key>
      <value>
        <name>
          TestUtilities
        </name>
        <dateTime>
          Fri Feb  9 14:43:48 2018
        </dateTime>
        <description>
          package
        </description>
      </value>
    </dbRecord>
  </db>